A3
AEGEAN AIRLINES  AEGEAN AIRLINES
AEGEAN AIRLINES
A3
AEGEAN AIRLINES  AEGEAN AIRLINES
AER LINGUS
EI
AER LINGUS  AER LINGUS
AER LINGUS
EI
AER LINGUS  AER LINGUS
AEROFLOT
SU
AEROFLOT  AEROFLOT
AEROFLOT
SU
AEROFLOT  AEROFLOT
AIGLE AZUR
ZI
AIGLE AZUR  AIGLE AZUR
AIGLE AZUR
ZI
AIGLE AZUR  AIGLE AZUR
AIR ALGERIE
AH
AIR ALGERIE  AIR ALGERIE
AIR ALGERIE
AH
AIR ALGERIE  AIR ALGERIE
AIR AZUL
AD
AIR AZUL  AIR AZUL
AIR AZUL
AD
AIR AZUL  AIR AZUL
AIR BALTIC
BT
AIR BALTIC  AIR BALTIC
AIR BALTIC
BT
AIR BALTIC  AIR BALTIC
AIR BERLIN
AB
AIR BERLIN  AIR BERLIN
AIR BERLIN
AB
AIR BERLIN  AIR BERLIN
AIR BRIDGE CARGO AIRLINES
RU
AIR BRIDGE CARGO AIRLINES  AIR BRIDGE CARGO AIRLINES
AIR BRIDGE CARGO AIRLINES
RU
AIR BRIDGE CARGO AIRLINES  AIR BRIDGE CARGO AIRLINES
AIR CAIRO
SM
AIR CAIRO  AIR CAIRO
AIR CAIRO
SM
AIR CAIRO  AIR CAIRO
AIR CANADA
AC
AIR CANADA  AIR CANADA
AIR CANADA
AC
AIR CANADA  AIR CANADA
AIR CHINA INTERNATIONAL
CA
AIR CHINA INTERNATIONAL  AIR CHINA INTERNATIONAL
AIR DOLOMITI
EN
AIR DOLOMITI  AIR DOLOMITI
AIR DOLOMITI
EN
AIR DOLOMITI  AIR DOLOMITI
AIR EUROPA LINEAS AEREAS
UX
AIR EUROPA LINEAS AEREAS  AIR EUROPA LINEAS AEREAS
AIR EUROPA LINEAS AEREAS
UX
AIR EUROPA LINEAS AEREAS  AIR EUROPA LINEAS AEREAS
AIR FRANCE
AF
AIR FRANCE  AIR FRANCE
AIR FRANCE
AF
AIR FRANCE  AIR FRANCE
AIR HORIZONT
HAT
AIR HORIZONT  AIR HORIZONT
AIR HORIZONT
HAT
AIR HORIZONT  AIR HORIZONT
AIR INDIA
AI
AIR INDIA  AIR INDIA
AIR INDIA
AI
AIR INDIA  AIR INDIA
AIR ITALY
IG
AIR ITALY  AIR ITALY
AIR ITALY
IG
AIR ITALY  AIR ITALY
AIR MALTA
KM
AIR MALTA  AIR MALTA
AIR MALTA
KM
AIR MALTA  AIR MALTA
AIR MOLDOVA
9U
AIR MOLDOVA  AIR MOLDOVA
AIR MOLDOVA
9U
AIR MOLDOVA  AIR MOLDOVA
AIR NOSTRUM L.A.M.S.A.
YW
AIR NOSTRUM    L.A.M.S.A.  AIR NOSTRUM L.A.M.S.A.
AIR NOSTRUM L.A.M.S.A.
YW
AIR NOSTRUM    L.A.M.S.A.  AIR NOSTRUM L.A.M.S.A.
AIR SERBIA
JU
AIR SERBIA  AIR SERBIA
AIR SERBIA
JU
AIR SERBIA  AIR SERBIA
ALBASTAR
AP
ALBASTAR  ALBASTAR
ALBASTAR
AP
ALBASTAR  ALBASTAR
ALITALIA
AZ
ALITALIA  ALITALIA
ALITALIA
AZ
ALITALIA  ALITALIA
AMERICAN AIRLINES
AA
AMERICAN AIRLINES  AMERICAN AIRLINES
AMERICAN AIRLINES
AA
AMERICAN AIRLINES  AMERICAN AIRLINES
ARKIA ISRAELI AIRLINES LTD
IZ
ARKIA ISRAELI AIRLINES LTD  ARKIA ISRAELI AIRLINES LTD
ARKIA ISRAELI AIRLINES LTD
IZ
ARKIA ISRAELI AIRLINES LTD  ARKIA ISRAELI AIRLINES LTD
ATLAS GLOBAL
KK
ATLAS GLOBAL  ATLAS GLOBAL
ATLAS GLOBAL
KK
ATLAS GLOBAL  ATLAS GLOBAL
ATLAS GLOBAL
KK
ATLAS GLOBAL  ATLAS GLOBAL
AUSTRIAN AIRLINES
OS
AUSTRIAN AIRLINES  AUSTRIAN AIRLINES
AUSTRIAN AIRLINES
OS
AUSTRIAN AIRLINES  AUSTRIAN AIRLINES
AZERBAIJAN AIRLINES
J2
AZERBAIJAN AIRLINES  AZERBAIJAN AIRLINES
AZERBAIJAN AIRLINES
J2
AZERBAIJAN AIRLINES  AZERBAIJAN AIRLINES
BA CITYFLYER
CJ
BA CITYFLYER  BA CITYFLYER
BA CITYFLYER
CJ
BA CITYFLYER  BA CITYFLYER
BELAVIA
B2
BELAVIA  BELAVIA
BELAVIA
B2
BELAVIA  BELAVIA
BLUE AIR
0B
BLUE AIR  BLUE AIR
BLUE AIR
0B
BLUE AIR  BLUE AIR
BLUE PANORAMA
BV
BLUE PANORAMA  BLUE PANORAMA
BLUE PANORAMA
BV
BLUE PANORAMA  BLUE PANORAMA
BMI REGIONAL
BM
BMI REGIONAL  BMI REGIONAL
BMI REGIONAL
BM
BMI REGIONAL  BMI REGIONAL
BRITISH AIRWAYS
BA
BRITISH AIRWAYS  BRITISH AIRWAYS
BRITISH AIRWAYS
BA
BRITISH AIRWAYS  BRITISH AIRWAYS
BRUSSELS AIRLINES
SN
BRUSSELS AIRLINES  BRUSSELS AIRLINES
BRUSSELS AIRLINES
SN
BRUSSELS AIRLINES  BRUSSELS AIRLINES
BULGARIA AIR
FB
BULGARIA AIR  BULGARIA AIR
BULGARIA AIR
FB
BULGARIA AIR  BULGARIA AIR
CATHAY PACIFIC AIRWAYS
CX
CATHAY PACIFIC AIRWAYS  CATHAY PACIFIC AIRWAYS
CATHAY PACIFIC AIRWAYS
CX
CATHAY PACIFIC AIRWAYS  CATHAY PACIFIC AIRWAYS
CHINA EASTERN AIRLINES
MU
CHINA EASTERN AIRLINES  CHINA EASTERN AIRLINES
CHINA EASTERN AIRLINES
MU
CHINA EASTERN AIRLINES  CHINA EASTERN AIRLINES
CSA
OK
CSA  CSA
CSA
OK
CSA  CSA
CYGNUS AIR
RGN
CYGNUS AIR  CYGNUS AIR
CYGNUS AIR
RGN
CYGNUS AIR  CYGNUS AIR
DELTA AIR LINES
DL
DELTA AIR LINES  DELTA AIR LINES
DELTA AIR LINES
DL
DELTA AIR LINES  DELTA AIR LINES
EASTERN AIRWAYS
T3
EASTERN AIRWAYS  EASTERN AIRWAYS
EASTERN AIRWAYS
T3
EASTERN AIRWAYS  EASTERN AIRWAYS
EASYJET
U2
EASYJET  EASYJET
EASYJET
U2
EASYJET  EASYJET
EASYJET EUROPE
EC
EASYJET EUROPE  EASYJET EUROPE
EASYJET EUROPE
EC
EASYJET EUROPE  EASYJET EUROPE
EGYPTAIR
MS
EGYPTAIR  EGYPTAIR
EGYPTAIR
MS
EGYPTAIR  EGYPTAIR
ELAL
LY
ELAL  ELAL
ELAL
LY
ELAL  ELAL
EMIRATES
EK
EMIRATES  EMIRATES
EMIRATES
EK
EMIRATES  EMIRATES
ETHIOPIAN AIRLINES
ET
ETHIOPIAN AIRLINES  ETHIOPIAN AIRLINES
ETHIOPIAN AIRLINES
ET
ETHIOPIAN AIRLINES  ETHIOPIAN AIRLINES
ETIHAD AIRWAYS
EY
ETIHAD AIRWAYS  ETIHAD AIRWAYS
ETIHAD AIRWAYS
EY
ETIHAD AIRWAYS  ETIHAD AIRWAYS
EUROWINGS
EW
EUROWINGS  EUROWINGS
EUROWINGS
EW
EUROWINGS  EUROWINGS
FINNAIR
AY
FINNAIR  FINNAIR
FINNAIR
AY
FINNAIR  FINNAIR
FLY ERNEST
EG
FLY ERNEST  FLY ERNEST
FLY ERNEST
EG
FLY ERNEST  FLY ERNEST
FLYBE
BE
FLYBE  FLYBE
FLYBE
BE
FLYBE  FLYBE
FLYONE
5F
FLYONE  FLYONE
FLYONE
5F
FLYONE  FLYONE
FREE BIRD
FH
FREE BIRD  FREE BIRD
FREE BIRD
FH
FREE BIRD  FREE BIRD
GERMANIA FLUG AG
GM
GERMANIA FLUG AG  GERMANIA FLUG AG
GERMANIA FLUG AG
GM
GERMANIA FLUG AG  GERMANIA FLUG AG
GERMANWINGS
4U
GERMANWINGS  GERMANWINGS
GERMANWINGS
4U
GERMANWINGS  GERMANWINGS
GOL TRANSPORTES A\u00C9REOS
G3
GOL TRANSPORTES A\u00C9REOS  GOL TRANSPORTES A\u00C9REOS
GOL TRANSPORTES A\u00C9REOS
G3
GOL TRANSPORTES A\u00C9REOS  GOL TRANSPORTES A\u00C9REOS
HAINAN AIRLINES
HU
HAINAN AIRLINES  HAINAN AIRLINES
HAINAN AIRLINES
HU
HAINAN AIRLINES  HAINAN AIRLINES
HOP!
A5
HOP!  HOP!
HOP!
A5
HOP!  HOP!
IBERIA
IB
IBERIA  IBERIA
IBERIA
IB
IBERIA  IBERIA
ICELANDAIR
FI
ICELANDAIR  ICELANDAIR
ICELANDAIR
FI
ICELANDAIR  ICELANDAIR
IRAN AIR
IR
IRAN AIR  IRAN AIR
IRAN AIR
IR
IRAN AIR  IRAN AIR
JETBLUE AIRWAYS
B6
JETBLUE AIRWAYS  JETBLUE AIRWAYS
JETBLUE AIRWAYS
B6
JETBLUE AIRWAYS  JETBLUE AIRWAYS
KLM
KL
KLM  KLM
KLM
KL
KLM  KLM
KOREAN AIR LTD
KE
KOREAN AIR LTD  KOREAN AIR LTD
KOREAN AIR LTD
KE
KOREAN AIR LTD  KOREAN AIR LTD
KUWAIT AIRWAYS
KU
KUWAIT AIRWAYS  KUWAIT AIRWAYS
KUWAIT AIRWAYS
KU
KUWAIT AIRWAYS  KUWAIT AIRWAYS
LATAM AIRLINES
LA
LATAM AIRLINES  LATAM AIRLINES
LATAM AIRLINES
LA
LATAM AIRLINES  LATAM AIRLINES
LOT
LO
LOT  LOT
LOT
LO
LOT  LOT
LUFTHANSA
LH
LUFTHANSA  LUFTHANSA
LUFTHANSA
LH
LUFTHANSA  LUFTHANSA
LUXAIR
LG
LUXAIR  LUXAIR
LUXAIR
LG
LUXAIR  LUXAIR
MAHAN AIR
W5
MAHAN AIR  MAHAN AIR
MAHAN AIR
W5
MAHAN AIR  MAHAN AIR
MIDDLE EAST AIRLINES AIR LIBAN
ME
MIDDLE EAST AIRLINES AIR LIBAN  MIDDLE EAST AIRLINES AIR LIBAN
MIDDLE EAST AIRLINES AIR LIBAN
ME
MIDDLE EAST AIRLINES AIR LIBAN  MIDDLE EAST AIRLINES AIR LIBAN
MISTRAL AIR
M4
MISTRAL AIR  MISTRAL AIR
MISTRAL AIR
M4
MISTRAL AIR  MISTRAL AIR
MONTENEGRO AIRLINES
YM
MONTENEGRO AIRLINES  MONTENEGRO AIRLINES
MONTENEGRO AIRLINES
YM
MONTENEGRO AIRLINES  MONTENEGRO AIRLINES
NEOS
NO
NEOS  NEOS
NEOS
NO
NEOS  NEOS
NESMA AIRLINES
NE
NESMA AIRLINES  NESMA AIRLINES
NESMA AIRLINES
NE
NESMA AIRLINES  NESMA AIRLINES
NIKI LUFTFAHRT
HG
NIKI LUFTFAHRT  NIKI LUFTFAHRT
NIKI LUFTFAHRT
HG
NIKI LUFTFAHRT  NIKI LUFTFAHRT
NORWEGIAN AIR SHUTTLE
DY
NORWEGIAN AIR SHUTTLE  NORWEGIAN AIR SHUTTLE
NORWEGIAN AIR SHUTTLE
DY
NORWEGIAN AIR SHUTTLE  NORWEGIAN AIR SHUTTLE
NOUVELAIR TUNISIE
BJ
NOUVELAIR TUNISIE  NOUVELAIR TUNISIE
NOUVELAIR TUNISIE
BJ
NOUVELAIR TUNISIE  NOUVELAIR TUNISIE
ORANGE2FLY
OTF
ORANGE2FLY  ORANGE2FLY
ORANGE2FLY
OTF
ORANGE2FLY  ORANGE2FLY
PAKISTAN INTERNATIONAL
PK
PAKISTAN INTERNATIONAL  PAKISTAN INTERNATIONAL
PAKISTAN INTERNATIONAL
PK
PAKISTAN INTERNATIONAL  PAKISTAN INTERNATIONAL
PEGASUS
PC
PEGASUS  PEGASUS
PEGASUS
PC
PEGASUS  PEGASUS
QATAR AIRWAYS
QR
QATAR AIRWAYS  QATAR AIRWAYS
QATAR AIRWAYS
QR
QATAR AIRWAYS  QATAR AIRWAYS
ROSSIYA AIRLINES JSC
FV
ROSSIYA AIRLINES JSC  ROSSIYA AIRLINES JSC
ROSSIYA AIRLINES JSC
FV
ROSSIYA AIRLINES JSC  ROSSIYA AIRLINES JSC
ROYAL AIR MAROC
AT
ROYAL AIR MAROC  ROYAL AIR MAROC
ROYAL AIR MAROC
AT
ROYAL AIR MAROC  ROYAL AIR MAROC
RYANAIR
FR
RYANAIR  RYANAIR
RYANAIR
FR
RYANAIR  RYANAIR
SAUDI ARABIAN AIRLINES
SV
SAUDI ARABIAN AIRLINES  SAUDI ARABIAN AIRLINES
SAUDI ARABIAN AIRLINES
SV
SAUDI ARABIAN AIRLINES  SAUDI ARABIAN AIRLINES
SCANDINAVIAN AIRLINES SYSTEM
SK
SCANDINAVIAN AIRLINES SYSTEM  SCANDINAVIAN AIRLINES SYSTEM
SCANDINAVIAN AIRLINES SYSTEM
SK
SCANDINAVIAN AIRLINES SYSTEM  SCANDINAVIAN AIRLINES SYSTEM
SINGAPORE AIRLINES LTD
SQ
SINGAPORE AIRLINES LTD  SINGAPORE AIRLINES LTD
SINGAPORE AIRLINES LTD
SQ
SINGAPORE AIRLINES LTD  SINGAPORE AIRLINES LTD
SOUTHERN AIR
9S
SOUTHERN AIR  SOUTHERN AIR
SOUTHERN AIR
9S
SOUTHERN AIR  SOUTHERN AIR
SWISS AIRLINES
LX
SWISS  AIRLINES  SWISS AIRLINES
SWISS AIRLINES
LX
SWISS  AIRLINES  SWISS AIRLINES
T.A.C.V. - CABO VERDE AIRLINES
VR
T.A.C.V. - CABO VERDE AIRLINES  T.A.C.V. - CABO VERDE AIRLINES
T.A.C.V. - CABO VERDE AIRLINES
VR
T.A.C.V. - CABO VERDE AIRLINES  T.A.C.V. - CABO VERDE AIRLINES
TAM - LINHAS AEREAS
JJ
TAM - LINHAS AEREAS  TAM - LINHAS AEREAS
TAM - LINHAS AEREAS
JJ
TAM - LINHAS AEREAS  TAM - LINHAS AEREAS
TAP AIR PORTUGAL
TP
TAP AIR PORTUGAL  TAP AIR PORTUGAL
TAP AIR PORTUGAL
TP
TAP AIR PORTUGAL  TAP AIR PORTUGAL
THAI AIRWAYS INTERNATIONAL
TG
THAI AIRWAYS INTERNATIONAL  THAI AIRWAYS INTERNATIONAL
THAI AIRWAYS INTERNATIONAL
TG
THAI AIRWAYS INTERNATIONAL  THAI AIRWAYS INTERNATIONAL
TITAN AIRWAYS LTD.
ZT
TITAN AIRWAYS LTD.  TITAN AIRWAYS LTD.
TITAN AIRWAYS LTD.
ZT
TITAN AIRWAYS LTD.  TITAN AIRWAYS LTD.
TRADE AIR
C3
TRADE AIR  TRADE AIR
TRADE AIR
C3
TRADE AIR  TRADE AIR
TUNISAIR
TU
TUNISAIR  TUNISAIR
TUNISAIR
TU
TUNISAIR  TUNISAIR
TURKISH AIRLINES
TK
TURKISH AIRLINES  TURKISH AIRLINES
TURKISH AIRLINES
TK
TURKISH AIRLINES  TURKISH AIRLINES
TWIN JET
T7
TWIN JET  TWIN JET
TWIN JET
T7
TWIN JET  TWIN JET
UKRAINE INTERNATIONAL AIRLINES
PS
UKRAINE INTERNATIONAL AIRLINES  UKRAINE INTERNATIONAL AIRLINES
UKRAINE INTERNATIONAL AIRLINES
PS
UKRAINE INTERNATIONAL AIRLINES  UKRAINE INTERNATIONAL AIRLINES
UNITED AIRLINES
UA
UNITED AIRLINES  UNITED AIRLINES
UNITED AIRLINES
UA
UNITED AIRLINES  UNITED AIRLINES
UTAIR AVIATION
UT
UTAIR AVIATION  UTAIR AVIATION
UTAIR AVIATION
UT
UTAIR AVIATION  UTAIR AVIATION
UZBEKISTAN AIRWAYS
HY
UZBEKISTAN AIRWAYS  UZBEKISTAN AIRWAYS
UZBEKISTAN AIRWAYS
HY
UZBEKISTAN AIRWAYS  UZBEKISTAN AIRWAYS
VUELING AIRLINES S.A.
VY
VUELING AIRLINES   S.A.  VUELING AIRLINES S.A.
VUELING AIRLINES S.A.
VY
VUELING AIRLINES   S.A.  VUELING AIRLINES S.A.
WIZZ AIR
W6
WIZZ AIR  WIZZ AIR
WIZZ AIR
W6
WIZZ AIR  WIZZ AIR
